"","bodyid","pre","post","upstream","downstream","status","statusLabel","voxels","cropped","name","type","cellBodyFiber.x","notes","soma","ItoLee_Hemilineage","Hartenstein_Hemilineage","cellBodyFiber.y","cell.type","layer","ct.layer","FAFB.match","FAFB.match.quality","flywire.xyz","flywire.id","LM.match","LM.match.quality","CATMAID.nblast.top","flywire.nblast.top","User","note"
"1",5813024692,1027,6224,6224,8477,"Traced","Traced",1785169866,FALSE,"M_adPNm3_R","M_adPNm3",NA,NA,TRUE,NA,NA,NA,"M_adPNm3",2.283,2,"57543","good","(119742.36, 65038.035, 1924)","720575940632553879",NA,NA,NA,NA,"ASB",NA
"2",1888213190,181,760,760,1323,"Traced","Roughly traced",436101864,FALSE,"M_adPNm4_R","M_adPNm4","AVM01",NA,FALSE,"ALad1","BAmv3","AVM01","M_adPNm4",2.178,2,"57270","good","(113006.4375, 59336.9525, 1655)","720575940620733320",NA,NA,NA,NA,"ASB",NA
"3",1887872301,277,596,596,2202,"Traced","Roughly traced",532834352,FALSE,"M_adPNm4_R","M_adPNm4","AVM01",NA,TRUE,"ALad1","BAmv3","AVM01","M_adPNm4",2.271,2,"49026","good","(122886.93, 56280.04, 2268)","720575940628939461",NA,NA,NA,NA,"ASB",NA
"4",1916528384,177,317,317,1321,"Traced","Roughly traced",342914937,FALSE,"M_adPNm5_R","M_adPNm5","AVM01",NA,TRUE,"ALad1","BAmv3","AVM01","M_adPNm5",2.178,2,"57278","good","(123352.175, 57508.9225, 2088)","720575940614225949",NA,NA,NA,NA,"ASB",NA
"5",2040344064,165,385,385,1189,"Traced","Roughly traced",329354519,FALSE,"M_adPNm5_R","M_adPNm5","AVM01",NA,FALSE,"ALad1","BAmv3","AVM01","M_adPNm5",2.147,2,"80008","good","(122695.57, 56363.5675, 2263)","720575940614137373",NA,NA,NA,NA,"ASB",NA
"6",762982753,189,648,648,1471,"Traced","Roughly traced",466313254,FALSE,"M_adPNm5_R","M_adPNm5","AVM01",NA,TRUE,"ALad1","BAmv3","AVM01","M_adPNm5",2.201,2,"57254","good","(125079.585, 58909.85, 2231)","720575940630352467",NA,NA,NA,NA,"ASB",NA
"7",788940872,213,441,441,1650,"Traced","Roughly traced",382298353,FALSE,"M_adPNm6_R","M_adPNm6","AVM01",NA,FALSE,"ALad1","BAmv3","AVM01","M_adPNm6",2.191,2,"57258","good","(115475.5075, 57656.145, 1644)","720575940637647232",NA,NA,NA,NA,"ASB",NA
"8",1886132855,194,457,457,1643,"Traced","Roughly traced",409684057,FALSE,"M_adPNm7_R","M_adPNm7","AVM01",NA,TRUE,"ALad1","BAmv3","AVM01","M_adPNm7",2.235,2,"57274","good","(115898.975, 57115.035, 1627)","720575940610077337",NA,NA,NA,NA,"ASB",NA
"9",1693827279,291,896,896,2280,"Traced","Roughly traced",585093309,FALSE,"M_adPNm8_R","M_adPNm8","AVM01",NA,TRUE,"ALad1","BAmv3","AVM01","M_adPNm8",2.427,2,"22422","good","(115658.265, 56608.145, 1617)","720575940624945182",NA,NA,NA,NA,"ASB",NA
"10",1762674761,131,417,417,1178,"Traced","Roughly traced",385563276,FALSE,"M_adPNm8_R","M_adPNm8","AVM01",NA,TRUE,"ALad1","BAmv3","AVM01","M_adPNm8",2.454,2,"73926","good","(116347.375, 57417, 1643)","720575940625867004",NA,NA,NA,NA,"ASB",NA
"11",788945049,186,520,520,1430,"Traced","Roughly traced",459142979,FALSE,"M_adPNm8_R","M_adPNm8","AVM01",NA,TRUE,"ALad1","BAmv3","AVM01","M_adPNm8",2.494,2,"1695556","good","(115504.235, 57215.0675, 1643)","720575940630487507",NA,NA,NA,NA,"ASB",NA
"12",1702306047,490,1401,1401,4310,"Traced","Roughly traced",597369899,FALSE,"M_ilPN8t91_R","M_ilPN8t91",NA,"DA2++ ilPN (Marin et al. Curr Biol 2020)",FALSE,NA,NA,NA,"M_ilPN8t91",3.043,3,"8715672","good","(121098.89, 76423.93, 3362)","720575940615488916",NA,NA,NA,NA,"ASB",NA
"13",1671608112,604,1747,1747,4758,"Traced","Roughly traced",763657995,FALSE,"M_ilPNm90_R","M_ilPNm90",NA,NA,FALSE,NA,NA,NA,"M_ilPNm90",3.01,3,"2070199","good","(143601.5, 78817.7575, 3235)","720575940616942494",NA,NA,NA,NA,"ASB",NA
"14",1701299822,689,2345,2345,5934,"Traced","Roughly traced",1081161184,FALSE,"M_imPNl92_R","M_imPNl92",NA,NA,FALSE,NA,NA,NA,"M_imPNl92",3.085,3,"4954525","good","(130887.5, 85562.25, 3377)","720575940628000567","L2444#1","good",NA,NA,"ASB",NA
"15",1788680591,580,1218,1218,5859,"Traced","Roughly traced",1225663129,FALSE,"M_l2PN10t19_R","M_l2PN10t19","AVM03","VP3++ l2PN (Marin et al. Curr Biol 2020)",TRUE,"ALl1_ventral","BAlc_ventral","AVM03","M_l2PN10t19",2.764,3,"7017522","good","(118401, 65580.25, 2239)","720575940602389216",NA,NA,NA,NA,"ASB",NA
"16",1788685103,489,591,591,4869,"Traced","Roughly traced",927581402,FALSE,"M_l2PN10t19_R","M_l2PN10t19","AVM03","biPN-4 (Lin et al. PLoS Biol 2012); VC5++ l2PN2 (Marin et al. Curr Biol 2020)",TRUE,"ALl1_ventral","BAlc_ventral","AVM03","M_l2PN10t19",2.797,3,"8406430","good","(118526.75, 65232.75, 2219)","720575940621364874",NA,NA,NA,NA,"ASB",NA
"17",1661769627,689,2131,2131,5116,"Traced","Roughly traced",1319301554,FALSE,"M_l2PN3t18_R","M_l2PN3t18","AVM03","slow hot and cold t3ALT PN (Frank et al. Nature 2015); VC5++ l2PN1 (Marin et al. Curr Biol 2020)",TRUE,"ALl1_ventral","BAlc_ventral","AVM03","M_l2PN3t18",2.443,2,"8825246","good","(118025.345, 64649.485, 2300)","720575940616259904",NA,NA,NA,NA,"ASB",NA
"18",1755556277,689,2100,2100,5039,"Traced","Roughly traced",1341795331,FALSE,"M_l2PN3t18_R","M_l2PN3t18","AVM03","slow hot and cold t3ALT PN (Frank et al. Nature 2015); VC5++ l2PN1 (Marin et al. Curr Biol 2020)",TRUE,"ALl1_ventral","BAlc_ventral","AVM03","M_l2PN3t18",2.462,2,"1363077","good","(114949.89, 66692.65, 2121)","720575940623475600",NA,NA,NA,NA,"ASB",NA
"19",1671638278,1862,6170,6170,13663,"Traced","Roughly traced",4579706697,FALSE,"M_l2PNl20_R","M_l2PNl20","AVM03",NA,TRUE,"ALl1_ventral","BAlc_ventral","AVM03","M_l2PNl20",2.07,2,"1727913","good","(116346.89, 66924.05, 2106)","720575940612616354","Trh-M-000008","good",NA,NA,"ASB",NA
"20",1700307582,1062,3017,3017,8885,"Traced","Traced",2340951861,FALSE,"M_l2PNl21_R","M_l2PNl21","AVM03",NA,TRUE,"ALl1_ventral","BAlc_ventral","AVM03","M_l2PNl21",2.37,2,"1334915","good","(117496.6325, 66331.25, 2228)","720575940626116880",NA,NA,NA,NA,"ASB",NA
"21",1793403571,939,2915,2915,9260,"Traced","Roughly traced",2109258506,FALSE,"M_l2PNl22_R","M_l2PNl22","AVM03",NA,TRUE,"ALl1_ventral","BAlc_ventral","AVM03","M_l2PNl22",2.165,2,"1339810","good","(115545.18, 67683.82, 2087)","720575940622357479",NA,NA,NA,NA,"ASB",NA
"22",1917866877,927,2694,2694,7944,"Traced","Roughly traced",1610461345,FALSE,"M_l2PNl23_R","M_l2PNl23","AVM03","unPN-5 (Lin et al. PLoS Biol 2012); VP1m++ l2PN (Marin et al. Curr Biol 2020)",TRUE,"ALl1_ventral","BAlc_ventral","AVM03","M_l2PNl23",2.896,3,"4195469","good","(117239.54, 66138.1175, 2383)","720575940626314000",NA,NA,NA,NA,"ASB",NA
"23",1723506321,957,1922,1922,9529,"Traced","Roughly traced",1800268431,FALSE,"M_l2PNm14_R","M_l2PNm14","AVM03",NA,TRUE,"ALl1_ventral","BAlc_ventral","AVM03","M_l2PNm14",2.429,2,"199461","good","(117043.1325, 33405.14, 4180)","720575940624441177",NA,NA,NA,NA,"ASB",NA
"24",1794055377,1227,2057,2057,7929,"Traced","Roughly traced",1533129257,FALSE,"M_l2PNm15_R","M_l2PNm15","AVM03",NA,TRUE,"ALl1_ventral","BAlc_ventral","AVM03","M_l2PNm15",2.625,3,"57536","good","(110724.985, 63822.395, 1842)","720575940634406030",NA,NA,NA,NA,"ASB",NA
"25",1037293275,1122,3207,3207,9094,"Traced","Roughly traced",1908079669,FALSE,"M_l2PNm16_R","M_l2PNm16","AVM03","VM1++ l2PN (Marin et al. Curr Biol 2020)",FALSE,"ALl1_ventral","BAlc_ventral","AVM03","M_l2PNm16",3.052,3,"32793","good","(118630.43, 62616.3275, 1945)","720575940608771960",NA,NA,NA,NA,"ASB",NA
"26",1733677514,1131,2924,2924,9336,"Traced","Roughly traced",2193574666,FALSE,"M_l2PNm16_R","M_l2PNm16","AVM03",NA,TRUE,"ALl1_ventral","BAlc_ventral","AVM03","M_l2PNm16",3.072,3,"32801","good","(117096.085, 63379.325, 1820)","720575940641817288",NA,NA,NA,NA,"ASB",NA
"27",5813083723,581,1134,1134,4162,"Traced","Roughly traced",1374533184,FALSE,"M_l2PNm17_R","M_l2PNm17","AVM03","VP5+ l2PN (Marin et al. Curr Biol 2020)",TRUE,"ALl1_ventral","BAlc_ventral","AVM03","M_l2PNm17",2.396,2,"10078400","good","(115285.5, 66391.415, 2136)","720575940633301240",NA,NA,NA,NA,"ASB",NA
"28",1630734360,226,365,365,1545,"Traced","Roughly traced",590722004,FALSE,"M_lPNm11A_R","M_lPNm11A","AVM02","AL-mPN4 (Tanaka et al. JCN 2012) projection to LH/PLP; VP4++ lPN (Marin et al. Curr Biol 2020)",TRUE,"ALl1_dorsal","BAlc_dorsal","AVM02","M_lPNm11A",2.553,3,"57434","good","(122384.485, 58995.1925, 2029)","720575940620690056",NA,NA,NA,NA,"ASB",NA
"29",5813044177,240,370,370,1462,"Traced","Roughly traced",560522313,FALSE,"M_lPNm11A_R","M_lPNm11A","AVM02","AL-mPN4 (Tanaka et al. JCN 2012) projection to LH/PLP; VP4++ lPN (Marin et al. Curr Biol 2020)",TRUE,"ALl1_dorsal","BAlc_dorsal","AVM02","M_lPNm11A",2.349,3,"57463","good","(123885.765, 58926.27, 2115)","720575940620121164",NA,NA,NA,NA,"ASB",NA
"30",819993149,177,212,212,1100,"Traced","Roughly traced",540126473,FALSE,"M_lPNm11A_R","M_lPNm11A","AVM02","AL-mPN4 (Tanaka et al. JCN 2012) projection to LH/PLP; VP4++ lPN (Marin et al. Curr Biol 2020)",TRUE,"ALl1_dorsal","BAlc_dorsal","AVM02","M_lPNm11A",2.756,3,"57430","good","(124963.6325, 57723.8175, 2329)","720575940625056826",NA,NA,NA,NA,"ASB",NA
"31",850703925,238,307,307,1776,"Traced","Roughly traced",510547007,FALSE,"M_lPNm11B_R","M_lPNm11B","AVM02","AL-mPN4 (Tanaka et al. JCN 2012) projection to LH/PLP; VP1l++ lPN (Marin et al. Curr Biol 2020)",TRUE,"ALl1_dorsal","BAlc_dorsal","AVM02","M_lPNm11B",2.624,3,"57442","good","(120532.405, 58460.4425, 1879)","720575940618975152",NA,NA,NA,NA,"ASB",NA
"32",850708902,357,642,642,2694,"Traced","Roughly traced",607994160,FALSE,"M_lPNm11C_R","M_lPNm11C","AVM02","AL-mPN4 (Tanaka et al. JCN 2012) no projection down to PLP",TRUE,"ALl1_dorsal","BAlc_dorsal","AVM02","M_lPNm11C",2.577,3,"57467","good","(118144.905, 58580.2225, 1620)","720575940618048532",NA,NA,NA,NA,"ASB",NA
"33",1825085656,373,1290,1290,2184,"Traced","Roughly traced",578488068,FALSE,"M_lPNm11D_R","M_lPNm11D","AVM02","AL-mPN4 (Tanaka et al. JCN 2012) no projection down to PLP; VP1d++ lPN1 (Marin et al. Curr Biol 2020)",TRUE,"ALl1_dorsal","BAlc_dorsal","AVM02","M_lPNm11D",2.537,3,"57446","good","(123808.825, 55030.04, 2691)","720575940614750779",NA,NA,NA,NA,"ASB",NA
"34",1827861966,349,1129,1129,2345,"Traced","Roughly traced",542231433,FALSE,"M_lPNm11D_R","M_lPNm11D","AVM02","AL-mPN4 (Tanaka et al. JCN 2012) no projection down to PLP; VP1d++ lPN1 (Marin et al. Curr Biol 2020)",TRUE,"ALl1_dorsal","BAlc_dorsal","AVM02","M_lPNm11D",2.593,3,"182684","good","(113325.36, 58617.32, 1416)","720575940633252344",NA,NA,NA,NA,"ASB",NA
"35",1857148391,362,1280,1280,2324,"Traced","Roughly traced",548629898,FALSE,"M_lPNm11D_R","M_lPNm11D","AVM02","AL-mPN4 (Tanaka et al. JCN 2012) no projection down to PLP; VP1d++ lPN1 (Marin et al. Curr Biol 2020)",TRUE,"ALl1_dorsal","BAlc_dorsal","AVM02","M_lPNm11D",2.559,3,"57426","good","(123416.05, 55176.645, 2690)","720575940643202670",NA,NA,NA,NA,"ASB",NA
"36",1887163927,360,1223,1223,2112,"Traced","Roughly traced",576862151,FALSE,"M_lPNm11D_R","M_lPNm11D","AVM02","AL-mPN4 (Tanaka et al. JCN 2012) no projection down to PLP; VP1d++ lPN1 (Marin et al. Curr Biol 2020)",TRUE,"ALl1_dorsal","BAlc_dorsal","AVM02","M_lPNm11D",2.569,3,"37212","good","(120701.29, 58521.5975, 1926)","720575940602372576",NA,NA,NA,NA,"ASB",NA
"37",1917188956,436,1156,1156,2752,"Traced","Roughly traced",696991847,FALSE,"M_lPNm11D_R","M_lPNm11D","AVM02","AL-mPN4 (Tanaka et al. JCN 2012) no projection down to PLP; VP1d++ lPN1 (Marin et al. Curr Biol 2020)",TRUE,"ALl1_dorsal","BAlc_dorsal","AVM02","M_lPNm11D",2.565,3,"37235","good","(117057.2, 58401.6375, 1501)","720575940612223168",NA,NA,NA,NA,"ASB",NA
"38",1856833015,273,523,523,2154,"Traced","Roughly traced",564905219,FALSE,"M_lPNm12_R","M_lPNm12","AVM02",NA,TRUE,"ALl1_dorsal","BAlc_dorsal","AVM02","M_lPNm12",2.704,3,"57394","good","(117984.45, 57556.78, 1528)","720575940621626551",NA,NA,NA,NA,"ASB",NA
"39",5813024799,265,519,519,2313,"Traced","Roughly traced",539427272,FALSE,"M_lPNm12_R","M_lPNm12","AVM02",NA,TRUE,"ALl1_dorsal","BAlc_dorsal","AVM02","M_lPNm12",3.128,3,"57455","good","(121363.75, 58827.71, 1804)","720575940630352979",NA,NA,NA,NA,"ASB",NA
"40",1693486219,279,420,420,1963,"Traced","Roughly traced",536061546,FALSE,"M_lPNm13_R","M_lPNm13","AVM02",NA,TRUE,"ALl1_dorsal","BAlc_dorsal","AVM02","M_lPNm13",2.307,2,"57389","good","(121146.085, 58682.4225, 1866)","720575940621273066",NA,NA,NA,NA,"ASB",NA
"41",5812983069,274,509,509,2166,"Traced","Roughly traced",590986924,FALSE,"M_lPNm13_R","M_lPNm13","AVM02",NA,TRUE,"ALl1_dorsal","BAlc_dorsal","AVM02","M_lPNm13",2.661,2,"57450","good","(122256.825, 58962.915, 1861)","720575940621622535",NA,NA,NA,NA,"ASB",NA
"42",1102334088,758,2166,2166,6719,"Traced","Roughly traced",1286597515,FALSE,"M_lv2PN9t49_R","M_lv2PN9t49",NA,"VP2++ lv2PN (Marin et al. Curr Biol 2020)",FALSE,NA,NA,NA,"M_lv2PN9t49",3.168,3,"4002166","good","(114709.125, 69529.625, 2456)","720575940621817085",NA,NA,NA,NA,"ASB",NA
"43",1888178718,983,3224,3224,10051,"Traced","Roughly traced",1529111094,FALSE,"M_lv2PN9t49_R","M_lv2PN9t49",NA,NA,FALSE,NA,NA,NA,"M_lv2PN9t49",2.66,3,"4002166",NA,"(106564, 64723.5, 3681)","720575940629475385",NA,NA,NA,NA,"ASB",NA
"44",1671952694,903,1818,1818,9400,"Traced","Roughly traced",1660907097,FALSE,"M_lvPNm24_R","M_lvPNm24","AVM06",NA,TRUE,"ALlv1","BAlp4","AVM06","M_lvPNm24",2.309,2,"177584","good","(120232.475, 62621.7425, 2106)","720575940621885879","GMR_MB390B-20150814_31_C4","good",NA,NA,"ASB",NA
"45",577542489,809,1714,1714,7973,"Traced","Roughly traced",1270054861,FALSE,"M_lvPNm24_R","M_lvPNm24","AVM06",NA,FALSE,"ALlv1","BAlp4","AVM06","M_lvPNm24",2.281,2,"177545","good","(120004.1325, 62719.735, 2080)","720575940614141725","GMR_MB390B-20150814_31_C2","good",NA,NA,"ASB",NA
"46",1411784734,426,799,799,4045,"Traced","Roughly traced",799164517,FALSE,"M_lvPNm25_R","M_lvPNm25","AVM06",NA,TRUE,"ALlv1","BAlp4","AVM06","M_lvPNm25",2.251,2,"177997","good","(120219.3, 62586.5, 1981)","720575940621387049",NA,NA,NA,NA,"ASB",NA
"47",639276164,375,570,570,3455,"Traced","Roughly traced",642275219,FALSE,"M_lvPNm25_R","M_lvPNm25","AVM06",NA,TRUE,"ALlv1","BAlp4","AVM06","M_lvPNm25",2.241,2,"1142316","good","(118734.64, 62901.07, 1834)","720575940613457088",NA,NA,NA,NA,"ASB",NA
"48",1730656082,319,707,707,3030,"Traced","Roughly traced",613722418,FALSE,"M_lvPNm26_R","M_lvPNm26","AVM06",NA,TRUE,"ALlv1","BAlp4","AVM06","M_lvPNm26",2.478,3,"1144225","good","(119892.0625, 62636.715, 2002)","720575940612975040",NA,NA,NA,NA,"ASB",NA
"49",5812995328,293,667,667,2789,"Traced","Roughly traced",610593817,FALSE,"M_lvPNm26_R","M_lvPNm26","AVM06",NA,TRUE,"ALlv1","BAlp4","AVM06","M_lvPNm26",2.893,3,"1144402","good","(119060.57, 63137.27, 1797)","720575940606331659","GMR_SS01331-20150814_31_G6","good",NA,NA,"ASB",NA
"50",1670973150,311,675,675,2487,"Traced","Roughly traced",558723185,FALSE,"M_lvPNm27_R","M_lvPNm27","AVM06",NA,TRUE,"ALlv1","BAlp4","AVM06","M_lvPNm27",2.344,2,"57220","good","(120691.945, 60953.3275, 2095)","720575940617304837",NA,NA,NA,NA,"ASB",NA
"51",1670969304,317,496,496,2537,"Traced","Roughly traced",474385439,FALSE,"M_lvPNm28_R","M_lvPNm28","AVM06",NA,TRUE,"ALlv1","BAlp4","AVM06","M_lvPNm28",2.939,3,"1136366","good","(120871.39, 61887.11, 1883)","720575940611948584",NA,NA,NA,NA,"ASB",NA
"52",1672293837,258,448,448,2422,"Traced","Roughly traced",426357081,FALSE,"M_lvPNm29_R","M_lvPNm29","AVM06",NA,TRUE,"ALlv1","BAlp4","AVM06","M_lvPNm29",3.045,3,"1137895","good","(120327.345, 62818.45, 1756)","720575940625298825",NA,NA,NA,NA,"ASB",NA
"53",5813079228,266,449,449,2371,"Traced","Roughly traced",413726938,FALSE,"M_lvPNm30_R","M_lvPNm30","AVM06",NA,TRUE,"ALlv1","BAlp4","AVM06","M_lvPNm30",2.959,3,"56995","good","(119251.925, 62368.6925, 1917)","720575940622076424",NA,NA,NA,NA,"ASB",NA
"54",1943811511,258,268,268,2055,"Traced","Roughly traced",299865768,FALSE,"M_lvPNm31_R","M_lvPNm31","AVM06",NA,FALSE,"ALlv1","BAlp4","AVM06","M_lvPNm31",2.835,3,"56983","good","(120150.61, 62287.745, 1834)","720575940643320697",NA,NA,NA,NA,"ASB",NA
"55",329599710,247,285,285,2051,"Traced","Roughly traced",344079818,FALSE,"M_lvPNm32_R","M_lvPNm32","AVM06",NA,FALSE,"ALlv1","BAlp4","AVM06","M_lvPNm32",2.683,3,"177656","good","(119314.5075, 62350.335, 1936)","720575940627471354",NA,NA,NA,NA,"ASB",NA
"56",1759999022,225,373,373,1731,"Traced","Roughly traced",467141899,FALSE,"M_lvPNm33_R","M_lvPNm33","AVM06",NA,TRUE,"ALlv1","BAlp4","AVM06","M_lvPNm33",2.462,2,"1136923","good","(119447.775, 62221.1, 1936)","720575940613239711",NA,NA,NA,NA,"ASB",NA
"57",5813069532,262,391,391,2170,"Traced","Roughly traced",502896169,FALSE,"M_lvPNm34_R","M_lvPNm34","AVM06",NA,TRUE,"ALlv1","BAlp4","AVM06","M_lvPNm34",2.357,2,"5494609","good","(120211.75, 62233.25, 1993)","720575940604974978",NA,NA,NA,NA,"ASB",NA
"58",1670597454,246,433,433,1943,"Traced","Roughly traced",479973025,FALSE,"M_lvPNm35_R","M_lvPNm35","AVM06",NA,TRUE,"ALlv1","BAlp4","AVM06","M_lvPNm35",2.296,2,"57196","good","(118572.46, 60805.2775, 2118)","720575940615535296",NA,NA,NA,NA,"ASB",NA
"59",5812995298,243,342,342,1717,"Traced","Roughly traced",442713773,FALSE,"M_lvPNm35_R","M_lvPNm35","AVM06",NA,TRUE,"ALlv1","BAlp4","AVM06","M_lvPNm35",2.416,2,"57007","good","(117972.765, 60843.2625, 2092)","720575940612603072",NA,NA,NA,NA,"ASB",NA
"60",417199910,162,361,361,1586,"Traced","Roughly traced",389682828,FALSE,"M_lvPNm36_R","M_lvPNm36","AVM06","VP1l+ lvPN2 (Marin et al. Curr Biol 2020)",TRUE,"ALlv1","BAlp4","AVM06","M_lvPNm36",2.105,2,"57216","good","(118830.22, 60774.71, 2130)","720575940612695488",NA,NA,NA,NA,"ASB",NA
"61",5812992942,178,314,314,1148,"Traced","Roughly traced",422447393,FALSE,"M_lvPNm37_R","M_lvPNm37","AVM06",NA,TRUE,"ALlv1","BAlp4","AVM06","M_lvPNm37",2.104,2,"5169854","good","(106341.79, 29019.025, 4637)","720575940618895169",NA,NA,NA,NA,"ASB",NA
"62",5901194250,185,251,251,1303,"Traced","Roughly traced",364834515,FALSE,"M_lvPNm37_R","M_lvPNm37","AVM06",NA,TRUE,"ALlv1","BAlp4","AVM06","M_lvPNm37",2.191,2,"57212","good","(117851.5, 61089.5, 2129)","720575940612214464",NA,NA,NA,NA,"ASB",NA
"63",5901194556,176,258,258,1310,"Traced","Roughly traced",405120614,FALSE,"M_lvPNm37_R","M_lvPNm37","AVM06",NA,TRUE,"ALlv1","BAlp4","AVM06","M_lvPNm37",2.116,2,"57171","good","(117864.5, 61389.5, 2118)","720575940623910693",NA,NA,NA,NA,"ASB",NA
"64",1504889437,177,254,254,1147,"Traced","Roughly traced",420250047,FALSE,"M_lvPNm38_R","M_lvPNm38","AVM06","VC5+ lvPN2 (Marin et al. Curr Biol 2020)",TRUE,"ALlv1","BAlp4","AVM06","M_lvPNm38",2.077,2,"57015","good","(119554.025, 61280.65, 2171)","720575940615769757",NA,NA,NA,NA,"ASB",NA
"65",609924156,736,548,548,5750,"Traced","Roughly traced",1131879964,FALSE,"M_lvPNm39_R","M_lvPNm39","AVM06",NA,TRUE,"ALlv1","BAlp4","AVM06","M_lvPNm39",2.233,2,"177540","good","(119786.04, 62760.3625, 1849)","720575940625857352",NA,NA,NA,NA,"ASB",NA
"66",1732313117,265,435,435,1934,"Traced","Roughly traced",316044971,FALSE,"M_lvPNm40_R","M_lvPNm40","AVM06",NA,FALSE,"ALlv1","BAlp4","AVM06","M_lvPNm40",2.856,3,"57039","good","(119348.43, 62282.14, 1769)","720575940612650688",NA,NA,NA,NA,"ASB",NA
"67",697844568,140,372,372,1015,"Traced","Roughly traced",187325752,FALSE,"M_lvPNm40_R","M_lvPNm40","AVM06",NA,FALSE,"ALlv1","BAlp4","AVM06","M_lvPNm40",2.79,3,"57080","good","(118369.9, 62567.975, 1664)","720575940657837185",NA,NA,NA,NA,"ASB",NA
"68",1765415970,330,497,497,2848,"Traced","Roughly traced",354278606,FALSE,"M_lvPNm41_R","M_lvPNm41","AVM06",NA,FALSE,"ALlv1","BAlp4","AVM06","M_lvPNm41",2.472,3,"57047","good","(117584.1, 62372.7075, 1579)","720575940609565168",NA,NA,NA,NA,"ASB",NA
"69",1795410644,279,385,385,2260,"Traced","Roughly traced",323605840,FALSE,"M_lvPNm41_R","M_lvPNm41","AVM06",NA,FALSE,"ALlv1","BAlp4","AVM06","M_lvPNm41",3.021,3,"57076","good","(118864.695, 62367.14, 1814)","720575940617979177",NA,NA,NA,NA,"ASB",NA
"70",730252777,308,475,475,2630,"Traced","Roughly traced",441751530,FALSE,"M_lvPNm41_R","M_lvPNm41","AVM06",NA,TRUE,"ALlv1","BAlp4","AVM06","M_lvPNm41",2.624,3,"57023","good","(117845.945, 62314.175, 1624)","720575940617337048",NA,NA,NA,NA,"ASB",NA
"71",1827473315,338,706,706,2975,"Traced","Roughly traced",510292243,FALSE,"M_lvPNm42_R","M_lvPNm42","AVM06",NA,TRUE,"ALlv1","BAlp4","AVM06","M_lvPNm42",2.826,3,"57019","good","(115741.2425, 62564.695, 1491)","720575940612325056",NA,NA,NA,NA,"ASB",NA
"72",851684181,292,450,450,2600,"Traced","Roughly traced",328601317,FALSE,"M_lvPNm42_R","M_lvPNm42","AVM06",NA,FALSE,"ALlv1","BAlp4","AVM06","M_lvPNm42",2.991,3,"57011","good","(118311.485, 62690.175, 1679)","720575940621057023",NA,NA,NA,NA,"ASB",NA
"73",792024028,275,281,281,2448,"Traced","Roughly traced",359035147,FALSE,"M_lvPNm43_R","M_lvPNm43","AVM06",NA,TRUE,"ALlv1","BAlp4","AVM06","M_lvPNm43",2.901,3,"57089","good","(118815.575, 62555.65, 1756)","720575940618003335",NA,NA,NA,NA,"ASB",NA
"74",757569579,150,140,140,1094,"Traced","Roughly traced",425659108,FALSE,"M_lvPNm44_R","M_lvPNm44","AVM06",NA,TRUE,"ALlv1","BAlp4","AVM06","M_lvPNm44",2.322,2,"1720254","good","(119230.805, 62187.91, 1865)","720575940613126111",NA,NA,NA,NA,"ASB",NA
"75",757591093,215,236,236,1871,"Traced","Roughly traced",366046506,FALSE,"M_lvPNm45_R","M_lvPNm45","AVM06",NA,FALSE,"ALlv1","BAlp4","AVM06","M_lvPNm45",2.102,2,"57179","good","(118902.665, 62346.14, 1950)","720575940633320372",NA,NA,NA,NA,"ASB",NA
"76",757258507,317,245,245,2828,"Traced","Roughly traced",482174867,FALSE,"M_lvPNm45_R","M_lvPNm45","AVM06",NA,TRUE,"ALlv1","BAlp4","AVM06","M_lvPNm45",2.09,2,"57158","good","(118740.7425, 62629.785, 1793)","720575940614163229",NA,NA,NA,NA,"ASB",NA
"77",792023887,273,191,191,2389,"Traced","Roughly traced",348686016,FALSE,"M_lvPNm45_R","M_lvPNm45","AVM06",NA,FALSE,"ALlv1","BAlp4","AVM06","M_lvPNm45",2.371,2,"57035","good","(118763.61, 62395.6, 1717)","720575940630503372",NA,NA,NA,NA,"ASB",NA
"78",1849683877,131,185,185,804,"Traced","Roughly traced",390166741,FALSE,"M_lvPNm46_R","M_lvPNm46","AVM06",NA,FALSE,"ALlv1","BAlp4","AVM06","M_lvPNm46",2.102,2,"57208","good","(120610.25, 62102.4575, 2221)","720575940614247709",NA,NA,NA,NA,"ASB",NA
"79",5812992940,127,196,196,817,"Traced","Roughly traced",534611849,FALSE,"M_lvPNm46_R","M_lvPNm46","AVM06",NA,TRUE,"ALlv1","BAlp4","AVM06","M_lvPNm46",2.065,2,"57204","good","(118938.195, 62187.7075, 2126)","720575940618120980",NA,NA,NA,NA,"ASB",NA
"80",1856820042,163,390,390,989,"Traced","Roughly traced",428011826,FALSE,"M_lvPNm47_R","M_lvPNm47","AVM06",NA,TRUE,"ALlv1","BAlp4","AVM06","M_lvPNm47",3.23,3,"57126","good","(119191.7575, 62446.715, 2208)","720575940614132765",NA,NA,NA,NA,"ASB",NA
"81",1912435859,178,370,370,1156,"Traced","Roughly traced",342985990,FALSE,"M_lvPNm47_R","M_lvPNm47","AVM06","VP2++ lvPN (Marin et al. Curr Biol 2020)",FALSE,"ALlv1","BAlp4","AVM06","M_lvPNm47",3.227,3,"57232","good","(119116.375, 62042.575, 2188)","720575940635888959",NA,NA,NA,NA,"ASB",NA
"82",1912777226,151,418,418,837,"Traced","Roughly traced",408550461,FALSE,"M_lvPNm48_R","M_lvPNm48","AVM06","VP2+VP5 lvPN (Marin et al. Curr Biol 2020)",TRUE,"ALlv1","BAlp4","AVM06","M_lvPNm48",3.048,3,"57134","good","(118566.15, 63285.345, 2286)","720575940630608723",NA,NA,NA,NA,"ASB",NA
"83",1975187554,140,414,414,819,"Traced","Roughly traced",401406789,FALSE,"M_lvPNm48_R","M_lvPNm48","AVM06","VP2+VP5 lvPN (Marin et al. Curr Biol 2020)",TRUE,"ALlv1","BAlp4","AVM06","M_lvPNm48",2.887,3,"57051","good","(118278.515, 63383.1325, 2264)","720575940625116549",NA,NA,NA,NA,"ASB",NA
"84",850708783,137,430,430,706,"Traced","Roughly traced",393131700,FALSE,"M_lvPNm48_R","M_lvPNm48","AVM06","VP2+VP5 lvPN (Marin et al. Curr Biol 2020)",TRUE,"ALlv1","BAlp4","AVM06","M_lvPNm48",3.298,3,"57138","good","(118618.7, 62649.5575, 2244)","720575940612469184",NA,NA,NA,NA,"ASB",NA
"85",5812982656,1001,2039,2039,10517,"Traced","Roughly traced",2208384507,FALSE,"M_smPN6t2_L","M_smPN6t2","AVM19","VP1m++ smPN (Marin et al. Curr Biol 2020)",TRUE,"AVM19","AVM19","AVM19","M_smPN6t2",2.715,3,"11546775","good","(126049.985, 58813.8075, 2368)","720575940616841886",NA,NA,NA,NA,"ASB",NA
"86",763730414,662,1191,1191,5657,"Traced","Roughly traced",1686501215,FALSE,"M_smPNm1_L","M_smPNm1","AVM19","VP3+ smPN (Marin et al. Curr Biol 2020)",TRUE,"AVM19","AVM19","AVM19","M_smPNm1",3.057,3,"57475","good","(124921.03, 59072.775, 2512)","720575940614488693",NA,NA,NA,NA,"ASB",NA
"87",1316245799,1245,2673,2673,11291,"Traced","Roughly traced",3127248565,FALSE,"M_spPN4t9_R","M_spPN4t9","PVM01","AL-t4PN1 (Tanaka et al. JCN 2012)",TRUE,"DM6_lateral","CM3_lateral","PVM01","M_spPN4t9",3.042,3,"4905365","good","(120907, 62679.8, 2328)","720575940615096891",NA,NA,NA,NA,"ASB",NA
"88",731690040,643,519,519,5397,"Traced","Roughly traced",1513501623,FALSE,"M_spPN5t10(PVM01)_L","M_spPN5t10",NA,NA,TRUE,NA,NA,NA,"M_spPN5t10",4.649,4,"4175139","good","(138529.25, 57316.3175, 3012)","720575940625508239",NA,NA,NA,NA,"ASB",NA
"89",1733370882,282,1690,1690,1126,"Traced","Roughly traced",1548404584,FALSE,"M_spPN5t10_R","M_spPN5t10","PVM01",NA,TRUE,"DM6_lateral","CM3_lateral","PVM01","M_spPN5t10",2.705,4,"8777795","good","(125306.5, 58029.5, 3251)","720575940628217564",NA,NA,NA,NA,"ASB",NA
"90",610274029,754,5673,5673,7494,"Traced","Roughly traced",2547366717,FALSE,"M_vPNml50_R","M_vPNml50","AVM04",NA,TRUE,"ALv1","BAla1","AVM04","M_vPNml50",3.085,3,"3003322","good","(119828.6, 60110.2925, 1919)","720575940643268206",NA,NA,NA,NA,"ASB",NA
"91",610274046,808,6320,6320,8043,"Traced","Roughly traced",2183901045,FALSE,"M_vPNml50_R","M_vPNml50","AVM04",NA,FALSE,"ALv1","BAla1","AVM04","M_vPNml50",3.037,3,"2766186","good","(118190.445, 60474.0475, 1683)","720575940643267950",NA,NA,NA,NA,"ASB",NA
"92",2383731281,233,720,720,2229,"Traced","Roughly traced",535235283,FALSE,"M_vPNml51_R","M_vPNml51","AVM04",NA,FALSE,"ALv1","BAla1","AVM04","M_vPNml51",2.698,3,"4926877","good","(114213.625, 62011.97, 1938)","720575940628308284",NA,NA,NA,NA,"ASB",NA
"93",823037476,172,734,734,1738,"Traced","Roughly traced",593980590,FALSE,"M_vPNml52_R","M_vPNml52","AVM04",NA,TRUE,"ALv1","BAla1","AVM04","M_vPNml52",2.321,2,"1725235","good","(114132.65, 60609.535, 1765)","720575940612992479",NA,NA,NA,NA,"ASB",NA
"94",1570685224,142,209,209,1406,"Traced","Roughly traced",312186973,FALSE,"M_vPNml53_R","M_vPNml53","AVM04",NA,FALSE,"ALv1","BAla1","AVM04","M_vPNml53",2.55,2,"6967069","good","(118923.415, 59938.1675, 2058)","720575940627399806",NA,NA,NA,NA,"ASB",NA
"95",294792184,92,348,348,730,"Traced","Roughly traced",424947333,FALSE,"M_vPNml53_R","M_vPNml53","AVM04",NA,TRUE,"ALv1","BAla1","AVM04","M_vPNml53",2.506,2,"3813499","good","(118757.75, 59935, 2063)","720575940630987693",NA,NA,NA,NA,"ASB",NA
"96",5813008771,119,299,299,1055,"Traced","Roughly traced",426478538,FALSE,"M_vPNml53_R","M_vPNml53","AVM04",NA,TRUE,"ALv1","BAla1","AVM04","M_vPNml53",2.377,2,"1724508","good","(118926.625, 59755.84, 2002)","720575940613638843",NA,NA,NA,NA,"ASB",NA
"97",1570684665,114,145,145,1080,"Traced","Roughly traced",234022103,FALSE,"M_vPNml54_R","M_vPNml54","AVM04",NA,FALSE,"ALv1","BAla1","AVM04","M_vPNml54",2.211,2,"3467989","good","(119194.75, 59833.55, 2035)","720575940626199281",NA,NA,NA,NA,"ASB",NA
"98",1570685033,100,234,234,933,"Traced","Roughly traced",253907772,FALSE,"M_vPNml54_R","M_vPNml54","AVM04",NA,FALSE,"ALv1","BAla1","AVM04","M_vPNml54",2.121,2,"3813278","good","(96142, 35008.25, 4823)","720575940619676254",NA,NA,NA,NA,"ASB",NA
"99",886812643,438,788,788,4915,"Traced","Roughly traced",973721883,FALSE,"M_vPNml55_R","M_vPNml55","AVM04",NA,TRUE,"ALv1","BAla1","AVM04","M_vPNml55",2.9,3,"2645953","good","(113330.1875, 62634.845, 1628)","720575940622090677",NA,NA,NA,NA,"ASB",NA
"100",667823920,159,312,312,1731,"Traced","Roughly traced",590836251,FALSE,"M_vPNml56_R","M_vPNml56","AVM04",NA,TRUE,"ALv1","BAla1","AVM04","M_vPNml56",2.118,2,"6700447","good","(116125.1875, 60291.2025, 2012)","720575940628478015",NA,NA,NA,NA,"ASB",NA
"101",1069929827,180,235,235,1879,"Traced","Roughly traced",426671218,FALSE,"M_vPNml57_R","M_vPNml57","AVM04",NA,TRUE,"ALv1","BAla1","AVM04","M_vPNml57",2.443,2,"3813331","good","(116252.975, 59805.6325, 1866)","720575940618601966",NA,NA,NA,NA,"ASB",NA
"102",5813034081,185,241,241,1921,"Traced","Roughly traced",564336592,FALSE,"M_vPNml58_R","M_vPNml58","AVM04",NA,TRUE,"ALv1","BAla1","AVM04","M_vPNml58",2.11,2,"3813399","good","(116888.5, 59910.5, 1971)","720575940609977011",NA,NA,NA,NA,"ASB",NA
"103",634707780,176,257,257,1987,"Traced","Roughly traced",442795621,FALSE,"M_vPNml58_R","M_vPNml58","AVM04",NA,FALSE,"ALv1","BAla1","AVM04","M_vPNml58",2.091,2,"1532304","good","(115964.9375, 59775.735, 1889)","720575940627645696",NA,NA,NA,NA,"ASB",NA
"104",636418270,175,204,204,1913,"Traced","Roughly traced",428282100,FALSE,"M_vPNml58_R","M_vPNml58","AVM04",NA,FALSE,"ALv1","BAla1","AVM04","M_vPNml58",2.12,2,"4624346","good","(116783.21, 60071.5775, 2002)","720575940631355874",NA,NA,NA,NA,"ASB",NA
"105",792616185,178,250,250,1973,"Traced","Roughly traced",420780875,FALSE,"M_vPNml59_R","M_vPNml59","AVM04",NA,FALSE,"ALv1","BAla1","AVM04","M_vPNml59",2.439,2,"4812228","good","(115335.6, 59861.7575, 1839)","720575940623575856",NA,NA,NA,NA,"ASB",NA
"106",5812983053,157,326,326,1698,"Traced","Roughly traced",304276589,FALSE,"M_vPNml60_R","M_vPNml60","AVM04","VP1d++ vPN (Marin et al. Curr Biol 2020)",FALSE,"ALv1","BAla1","AVM04","M_vPNml60",2.413,2,"3813442","good","(118513, 60641.2775, 2134)","720575940608295032",NA,NA,NA,NA,"ASB",NA
"107",975457916,151,298,298,1477,"Traced","Roughly traced",242629315,FALSE,"M_vPNml60_R","M_vPNml60","AVM04","VP1d++ vPN (Marin et al. Curr Biol 2020)",FALSE,"ALv1","BAla1","AVM04","M_vPNml60",2.413,2,"4631791","good","(116791.47, 61064.005, 2057)","720575940614464773",NA,NA,NA,NA,"ASB",NA
"108",976830572,155,399,399,1676,"Traced","Roughly traced",274464747,FALSE,"M_vPNml60_R","M_vPNml60","AVM04","VP1d++ vPN (Marin et al. Curr Biol 2020)",FALSE,"ALv1","BAla1","AVM04","M_vPNml60",2.395,2,"3813447","good","(116435.5, 61183.0075, 2046)","720575940614774923",NA,NA,NA,NA,"ASB",NA
"109",1039237469,146,380,380,1842,"Traced","Roughly traced",259513076,FALSE,"M_vPNml61_R","M_vPNml61","AVM04","VP1d+VP1l vPN (Marin et al. Curr Biol 2020)",FALSE,"ALv1","BAla1","AVM04","M_vPNml61",2.911,3,"3813438","good","(116395.0625, 61402.755, 2001)","720575940613521714",NA,NA,NA,NA,"ASB",NA
"110",1070613107,116,341,341,1242,"Traced","Roughly traced",305293744,FALSE,"M_vPNml61_R","M_vPNml61","AVM04",NA,TRUE,"ALv1","BAla1","AVM04","M_vPNml61",2.822,3,"3813438",NA,NA,NA,NA,NA,NA,NA,"ASB",NA
"111",947513805,105,311,311,1024,"Traced","Roughly traced",231092492,FALSE,"M_vPNml62_R","M_vPNml62","AVM04","VP1m+VP1d vPN (Marin et al. Curr Biol 2020)",FALSE,"ALv1","BAla1","AVM04","M_vPNml62",2.967,3,"3813424","good","(117701.5, 60802.0075, 2153)","720575940625121669",NA,NA,NA,NA,"ASB",NA
"112",1415825344,311,1481,1481,3311,"Traced","Roughly traced",903842449,FALSE,"M_vPNml63_R","M_vPNml63","AVM04",NA,TRUE,"ALv1","BAla1","AVM04","M_vPNml63",2.34,2,"1909670","good","(112119.165, 62585.53, 1570)","720575940618704705",NA,NA,NA,NA,"ASB",NA
"113",1857143769,318,2085,2085,2931,"Traced","Roughly traced",1004679993,FALSE,"M_vPNml63_R","M_vPNml63","AVM04",NA,TRUE,"ALv1","BAla1","AVM04","M_vPNml63",2.113,2,"3998193","good","(112822.265, 63292.72, 1686)","720575940617789131",NA,NA,NA,NA,"ASB",NA
"114",1099911913,269,1476,1476,2176,"Traced","Roughly traced",911961096,FALSE,"M_vPNml64_R","M_vPNml64","AVM04",NA,TRUE,"ALv1","BAla1","AVM04","M_vPNml64",2.093,2,"3139915","good","(112311.695, 63469.9175, 1633)","720575940637358451",NA,NA,NA,NA,"ASB",NA
"115",1322012611,276,792,792,2075,"Traced","Roughly traced",891226075,FALSE,"M_vPNml64_R","M_vPNml64","AVM04",NA,TRUE,"ALv1","BAla1","AVM04","M_vPNml64",2.136,2,"3663498","good","(112678.45, 63444.155, 1694)","720575940617038203",NA,NA,NA,NA,"ASB",NA
"116",5813041247,279,544,544,2271,"Traced","Roughly traced",547335100,FALSE,"M_vPNml65_R","M_vPNml65","AVM04",NA,FALSE,"ALv1","BAla1","AVM04","M_vPNml65",2.238,2,"3999003","good","(114605.695, 61622.995, 1811)","720575940629083979",NA,NA,NA,NA,"ASB",NA
"117",977866721,234,594,594,1854,"Traced","Roughly traced",506915032,FALSE,"M_vPNml65_R","M_vPNml65","AVM04",NA,FALSE,"ALv1","BAla1","AVM04","M_vPNml65",2.63,2,"3922783","good","(113540.97, 62230.485, 1812)","720575940623478160",NA,NA,NA,NA,"ASB",NA
"118",1322353714,90,247,247,860,"Traced","Roughly traced",343171710,FALSE,"M_vPNml66_R","M_vPNml66","AVM04","VP1m++ vPN (Marin et al. Curr Biol 2020)",TRUE,"ALv1","BAla1","AVM04","M_vPNml66",2.805,3,"4954519","good","(117131.36, 61372.725, 2004)","720575940623039672",NA,NA,NA,NA,"ASB",NA
"119",5813071409,102,236,236,1044,"Traced","Roughly traced",240227915,FALSE,"M_vPNml66_R","M_vPNml66","AVM04",NA,FALSE,"ALv1","BAla1","AVM04","M_vPNml66",3.132,3,"3842493","good","(117579.075, 61117.6125, 2118)","720575940609218258",NA,NA,NA,NA,"ASB",NA
"120",1037518512,136,487,487,1503,"Traced","Roughly traced",311299262,FALSE,"M_vPNml67_R","M_vPNml67","AVM04",NA,FALSE,"ALv1","BAla1","AVM04","M_vPNml67",2.302,2,"3903440","good","(115449.75, 60772.3625, 1988)","720575940625384465",NA,NA,NA,NA,"ASB",NA
"121",761938645,133,363,363,1462,"Traced","Roughly traced",239863991,FALSE,"M_vPNml67_R","M_vPNml67","AVM04",NA,FALSE,"ALv1","BAla1","AVM04","M_vPNml67",2.286,2,"2992998","good","(115471.195, 61029.7225, 1970)","720575940647509625",NA,NA,NA,NA,"ASB",NA
"122",882353566,207,294,294,2294,"Traced","Roughly traced",448538549,FALSE,"M_vPNml68_R","M_vPNml68","AVM04",NA,TRUE,"ALv1","BAla1","AVM04","M_vPNml68",2.799,3,"583167","good","(112588.825, 60059.775, 1579)","720575940616301632",NA,NA,NA,NA,"ASB",NA
"123",542311358,147,101,101,1331,"Traced","Roughly traced",338900141,FALSE,"M_vPNml69_R","M_vPNml69","AVM04",NA,TRUE,"ALv1","BAla1","AVM04","M_vPNml69",2.871,3,"4662243",NA,NA,NA,NA,NA,NA,NA,"ASB",NA
"124",480927537,83,279,279,698,"Traced","Roughly traced",244229430,FALSE,"M_vPNml70_R","M_vPNml70","AVM04",NA,FALSE,"ALv1","BAla1","AVM04","M_vPNml70",2.723,3,"6699444","good","(118878.675, 59787.29, 2077)","720575940621617546",NA,NA,NA,NA,"ASB",NA
"125",541632990,97,311,311,819,"Traced","Roughly traced",234967286,FALSE,"M_vPNml70_R","M_vPNml70","AVM04",NA,FALSE,"ALv1","BAla1","AVM04","M_vPNml70",2.717,3,"3813351","good","(119113.3, 59847.27, 2054)","720575940618795246",NA,NA,NA,NA,"ASB",NA
"126",727855437,174,290,290,1933,"Traced","Roughly traced",371922459,FALSE,"M_vPNml71_R","M_vPNml71","AVM04",NA,FALSE,"ALv1","BAla1","AVM04","M_vPNml71",2.799,3,"1759551","good","(115619.805, 58567.915, 1680)","720575940609146574",NA,NA,NA,NA,"ASB",NA
"127",1415829574,121,653,653,1242,"Traced","Roughly traced",473272619,FALSE,"M_vPNml72_R","M_vPNml72","AVM04",NA,TRUE,"ALv1","BAla1","AVM04","M_vPNml72",2.388,2,"709943","good","(117772.07, 59913.985, 1955)","720575940620732696",NA,NA,NA,NA,"ASB",NA
"128",1570685257,125,328,328,1191,"Traced","Roughly traced",422460082,FALSE,"M_vPNml72_R","M_vPNml72","AVM04",NA,TRUE,"ALv1","BAla1","AVM04","M_vPNml72",2.541,2,"1722886","good","(116786.75, 59753.25, 1923)","720575940622447596",NA,NA,NA,NA,"ASB",NA
"129",5812996003,130,422,422,1383,"Traced","Roughly traced",519474989,FALSE,"M_vPNml72_R","M_vPNml72","AVM04",NA,TRUE,"ALv1","BAla1","AVM04","M_vPNml72",2.447,2,"4624378","good","(115781.25, 58277.765, 1656)","720575940631459283",NA,NA,NA,NA,"ASB",NA
"130",1701325725,152,296,296,1505,"Traced","Roughly traced",442290912,FALSE,"M_vPNml73_R","M_vPNml73","AVM04",NA,TRUE,"ALv1","BAla1","AVM04","M_vPNml73",2.734,3,"3813347","good","(117507, 57716.0125, 1584)","720575940627822647",NA,NA,NA,NA,"ASB",NA
"131",5813054911,114,256,256,944,"Traced","Roughly traced",182599640,FALSE,"M_vPNml74_R","M_vPNml74","AVM04",NA,FALSE,"ALv1","BAla1","AVM04","M_vPNml74",2.715,3,"3813483","good","(116008.75, 61238.0275, 1979)","720575940644800820",NA,NA,NA,NA,"ASB",NA
"132",698526273,90,174,174,827,"Traced","Roughly traced",215023713,FALSE,"M_vPNml74_R","M_vPNml74","AVM04",NA,FALSE,"ALv1","BAla1","AVM04","M_vPNml74",2.894,3,"3813451","good","(116014.25, 60809.7575, 1951)","720575940626317840",NA,NA,NA,NA,"ASB",NA
"133",729219639,86,88,88,732,"Traced","Roughly traced",161167587,FALSE,"M_vPNml74_R","M_vPNml74","AVM04",NA,FALSE,"ALv1","BAla1","AVM04","M_vPNml74",3.08,3,"3813495","good","(116400.64, 60462.4225, 1909)","720575940624285028",NA,NA,NA,NA,"ASB",NA
"134",759922408,137,345,345,1186,"Traced","Roughly traced",214624190,FALSE,"M_vPNml74_R","M_vPNml74","AVM04",NA,FALSE,"ALv1","BAla1","AVM04","M_vPNml74",2.461,3,"3813487","good","(116615.9, 60990.8275, 2043)","720575940609962389",NA,NA,NA,NA,"ASB",NA
"135",760264077,91,95,95,747,"Traced","Roughly traced",179308670,FALSE,"M_vPNml74_R","M_vPNml74","AVM04",NA,FALSE,"ALv1","BAla1","AVM04","M_vPNml74",3.073,3,"4632101","good","(116219.5, 60785, 1974)","720575940610042993",NA,NA,NA,NA,"ASB",NA
"136",1322353824,130,162,162,1307,"Traced","Roughly traced",266266573,FALSE,"M_vPNml75_R","M_vPNml75","AVM04",NA,FALSE,"ALv1","BAla1","AVM04","M_vPNml75",2.776,3,"2845576","good","(117496.095, 61141.39, 2127)","720575940625097274",NA,NA,NA,NA,"ASB",NA
"137",1539978151,152,306,306,1779,"Traced","Roughly traced",441777837,FALSE,"M_vPNml76_R","M_vPNml76","AVM04",NA,TRUE,"ALv1","BAla1","AVM04","M_vPNml76",2.593,3,"4491591","good","(114816.525, 58415.8325, 1646)","720575940611777587",NA,NA,NA,NA,"ASB",NA
"138",1570685132,149,322,322,1671,"Traced","Roughly traced",358332793,FALSE,"M_vPNml76_R","M_vPNml76","AVM04",NA,TRUE,"ALv1","BAla1","AVM04","M_vPNml76",2.854,3,"6698696","good","(118344.665, 60290.9175, 1644)","720575940620244556",NA,NA,NA,NA,"ASB",NA
"139",5813071369,157,435,435,1631,"Traced","Roughly traced",377311734,FALSE,"M_vPNml76_R","M_vPNml76","AVM04",NA,TRUE,"ALv1","BAla1","AVM04","M_vPNml76",2.71,3,"5485737","good","(116753.345, 59699.025, 1595)","720575940609214418",NA,NA,NA,NA,"ASB",NA
"140",1322353841,168,234,234,1640,"Traced","Roughly traced",318244528,FALSE,"M_vPNml77_R","M_vPNml77","AVM04",NA,FALSE,"ALv1","BAla1","AVM04","M_vPNml77",2.931,3,"3959520","good","(117630, 61278.5425, 2115)","720575940628374011",NA,NA,NA,NA,"ASB",NA
"141",1447205712,186,174,174,1888,"Traced","Roughly traced",303442651,FALSE,"M_vPNml77_R","M_vPNml77","AVM04",NA,FALSE,"ALv1","BAla1","AVM04","M_vPNml77",2.934,3,"3020362","good","(118271.28, 60881.2625, 2142)","720575940632994970",NA,NA,NA,NA,"ASB",NA
"142",604726283,171,229,229,1690,"Traced","Roughly traced",335455818,FALSE,"M_vPNml77_R","M_vPNml77","AVM04",NA,FALSE,"ALv1","BAla1","AVM04","M_vPNml77",2.927,3,"3813430","good","(117368.75, 61236.0075, 2140)","720575940612151603",NA,NA,NA,NA,"ASB",NA
"143",760250511,129,159,159,1514,"Traced","Roughly traced",205811629,FALSE,"M_vPNml78_R","M_vPNml78","AVM04",NA,FALSE,"ALv1","BAla1","AVM04","M_vPNml78",2.87,3,"6696675","good","(118842.25, 60197.25, 1721)","720575940631458515",NA,NA,NA,NA,"ASB",NA
"144",542665377,327,588,588,3164,"Traced","Roughly traced",842585003,FALSE,"M_vPNml79_R","M_vPNml79","AVM04",NA,TRUE,"ALv1","BAla1","AVM04","M_vPNml79",2.928,3,"4662243","good","(95424.22, 37475.255, 4422)","720575940625126789",NA,NA,NA,NA,"ASB",NA
"145",637462647,110,430,430,1039,"Traced","Roughly traced",221454851,FALSE,"M_vPNml80_R","M_vPNml80","AVM04",NA,FALSE,"ALv1","BAla1","AVM04","M_vPNml80",2.272,2,"4624325","good","(115649.875, 60640.875, 1960)","720575940620849176",NA,NA,NA,NA,"ASB",NA
"146",5813090752,93,181,181,993,"Traced","Roughly traced",238048938,FALSE,"M_vPNml81_R","M_vPNml81","AVM04",NA,FALSE,"ALv1","BAla1","AVM04","M_vPNml81",2.811,3,"4624321","good","(115245.5, 61176.7775, 2016)","720575940632721306",NA,NA,NA,NA,"ASB",NA
"147",5813014622,92,208,208,994,"Traced","Roughly traced",419670205,FALSE,"M_vPNml82_R","M_vPNml82","AVM04",NA,TRUE,"ALv1","BAla1","AVM04","M_vPNml82",2.829,3,"4624321",NA,NA,NA,NA,NA,NA,NA,"ASB",NA
"148",1447205602,177,319,319,1685,"Traced","Roughly traced",534139866,FALSE,"M_vPNml83_R","M_vPNml83","AVM04",NA,TRUE,"ALv1","BAla1","AVM04","M_vPNml83",2.92,3,"2050178","good","(118422.765, 61105.53, 2138)","720575940637352637",NA,NA,NA,NA,"ASB",NA
"149",573669915,124,248,248,1165,"Traced","Roughly traced",419569314,FALSE,"M_vPNml83_R","M_vPNml83","AVM04",NA,TRUE,"ALv1","BAla1","AVM04","M_vPNml83",3.002,3,"3813335","good","(118476.75, 60946, 2147)","720575940624164926",NA,NA,NA,NA,"ASB",NA
"150",697145036,147,161,161,1461,"Traced","Roughly traced",408567362,FALSE,"M_vPNml83_R","M_vPNml83","AVM04",NA,TRUE,"ALv1","BAla1","AVM04","M_vPNml83",2.877,3,"1533901","good","(118102.25, 61029.2, 2141)","720575940620038170",NA,NA,NA,NA,"ASB",NA
"151",605050789,97,179,179,900,"Traced","Roughly traced",224091732,FALSE,"M_vPNml84_R","M_vPNml84","AVM04",NA,FALSE,"ALv1","BAla1","AVM04","M_vPNml84",2.791,3,"6702019","good","(115882.765, 60919.555, 1963)","720575940621112575",NA,NA,NA,NA,"ASB",NA
"152",729544359,94,156,156,984,"Traced","Roughly traced",221825798,FALSE,"M_vPNml84_R","M_vPNml84","AVM04",NA,FALSE,"ALv1","BAla1","AVM04","M_vPNml84",3.034,3,"3813282","good","(115454.4, 60905.53, 1933)","720575940616682875",NA,NA,NA,NA,"ASB",NA
"153",760250272,89,166,166,883,"Traced","Roughly traced",229217370,FALSE,"M_vPNml84_R","M_vPNml84","AVM04",NA,FALSE,"ALv1","BAla1","AVM04","M_vPNml84",2.901,3,"5217967","good","(110798.05, 68017.65, 1718)","720575940637731456",NA,NA,NA,NA,"ASB",NA
"154",791298858,101,148,148,918,"Traced","Roughly traced",224738150,FALSE,"M_vPNml84_R","M_vPNml84","AVM04",NA,FALSE,"ALv1","BAla1","AVM04","M_vPNml84",3.046,3,"4632128","good","(115392.165, 61113.0825, 1989)","720575940602437088",NA,NA,NA,NA,"ASB",NA
"155",603349484,169,127,127,1565,"Traced","Roughly traced",253326549,FALSE,"M_vPNml85_R","M_vPNml85","AVM04",NA,FALSE,"ALv1","BAla1","AVM04","M_vPNml85",3.011,3,"4624362","good","(119223.5, 59769.52, 2072)","720575940633059947",NA,NA,NA,NA,"ASB",NA
"156",635407942,165,139,139,1493,"Traced","Roughly traced",260402205,FALSE,"M_vPNml85_R","M_vPNml85","AVM04",NA,FALSE,"ALv1","BAla1","AVM04","M_vPNml85",3.115,3,"1533152","good","(119003.085, 60343.7025, 1780)","720575940640250253",NA,NA,NA,NA,"ASB",NA
"157",1571025824,125,163,163,1069,"Traced","Roughly traced",205592300,FALSE,"M_vPNml86_R","M_vPNml86","AVM04",NA,FALSE,"ALv1","BAla1","AVM04","M_vPNml86",2.987,3,"4624338","good","(118685.575, 59830.4175, 2084)","720575940624143802",NA,NA,NA,NA,"ASB",NA
"158",5813045696,97,249,249,810,"Traced","Roughly traced",216955160,FALSE,"M_vPNml86_R","M_vPNml86","AVM04",NA,FALSE,"ALv1","BAla1","AVM04","M_vPNml86",2.978,3,"3813322","good","(118825.905, 59835.925, 2071)","720575940619091120",NA,NA,NA,NA,"ASB",NA
"159",572663539,218,268,268,2136,"Traced","Roughly traced",361577210,FALSE,"M_vPNml87_R","M_vPNml87","AVM04",NA,FALSE,"ALv1","BAla1","AVM04","M_vPNml87",3.026,3,"3771419","good","(119080.6325, 61120.1825, 2085)","720575940610774038",NA,NA,NA,NA,"ASB",NA
"160",5813013823,176,268,268,1608,"Traced","Roughly traced",462928363,FALSE,"M_vPNml87_R","M_vPNml87","AVM04",NA,TRUE,"ALv1","BAla1","AVM04","M_vPNml87",2.878,3,"3813434","good","(118562, 60934.2575, 2156)","720575940624621208",NA,NA,NA,NA,"ASB",NA
"161",634379734,157,117,117,1644,"Traced","Roughly traced",362714214,FALSE,"M_vPNml88_R","M_vPNml88","AVM04",NA,TRUE,"ALv1","BAla1","AVM04","M_vPNml88",2.544,3,"6701307","good","(118957.25, 59789.5, 2084)","720575940627049063",NA,NA,NA,NA,"ASB",NA
"162",1694850602,156,52,52,1755,"Traced","Roughly traced",317951856,FALSE,"M_vPNml89_R","M_vPNml89","AVM04",NA,TRUE,"ALv1","BAla1","AVM04","M_vPNml89",3.169,3,"3813343","good","(119531.25, 59472.5, 1991)","720575940629083211",NA,NA,NA,NA,"ASB",NA
"163",1819326555,116,34,34,1267,"Traced","Roughly traced",173319855,FALSE,"M_vPNml89_R","M_vPNml89","AVM04",NA,FALSE,"ALv1","BAla1","AVM04","M_vPNml89",2,3,"4927529","good","(119285.335, 59740.2075, 2076)","720575940634834544",NA,NA,NA,NA,"ASB",NA
"164",481268653,146,58,58,1609,"Traced","Roughly traced",266715893,FALSE,"M_vPNml89_R","M_vPNml89","AVM04",NA,FALSE,"ALv1","BAla1","AVM04","M_vPNml89",4.3,3,"4624374","good","(119636.5, 59887.7575, 2089)","720575940625126533",NA,NA,NA,NA,"ASB",NA
